order_id,stage_id,time_start,time_end
 1&1&0s&4.17735ms\\  1&2&4.178692ms&8.318831ms\\  1&3&8.319622ms&18.687659ms\\ \hline 2&1&18.697888ms&24.155804ms\\  2&2&24.157137ms&38.482583ms\\  2&3&38.483575ms&58.005809ms\\ \hline 3&1&58.008584ms&66.255037ms\\  3&2&66.256019ms&78.454391ms\\  3&3&78.455343ms&80.651449ms\\ \hline 4&1&80.661538ms&97.92191ms\\  4&2&97.923193ms&111.274147ms\\  4&3&111.275921ms&127.615825ms\\ \hline 5&1&127.61847ms&133.289894ms\\  5&2&133.291928ms&134.929166ms\\  5&3&134.93122ms&147.308043ms\\ \hline 6&1&147.312201ms&155.611205ms\\  6&2&155.613279ms&155.618619ms\\  6&3&155.61906ms&174.180598ms\\ \hline 7&1&174.182752ms&186.487708ms\\  7&2&186.489201ms&196.079271ms\\  7&3&196.081085ms&208.360021ms\\ \hline 8&1&208.362095ms&219.64568ms\\  8&2&219.646803ms&226.568425ms\\  8&3&226.570299ms&235.799499ms\\ \hline 9&1&235.801252ms&243.246906ms\\  9&2&243.248499ms&259.592862ms\\  9&3&259.594655ms&277.144962ms\\ \hline 10&1&277.155432ms&295.388072ms\\  10&2&295.389244ms&312.558773ms\\  10&3&312.559775ms&317.952046ms\\ \hline