order_id,stage_id,time_start,time_end
 1&1&0s&3.230701ms\\  1&2&3.34497ms&3.388142ms\\  1&3&3.435573ms&6.672797ms\\ \hline 2&1&3.262933ms&16.466286ms\\  2&2&16.501583ms&24.75502ms\\  2&3&24.818511ms&32.130329ms\\ \hline 3&1&16.46849ms&16.470183ms\\  3&2&24.757574ms&29.202355ms\\  3&3&32.131632ms&49.479922ms\\ \hline 4&1&16.470333ms&32.685619ms\\  4&2&32.736226ms&46.219674ms\\  4&3&49.481195ms&64.013115ms\\ \hline 5&1&32.688395ms&34.961337ms\\  5&2&46.226767ms&65.595348ms\\  5&3&65.604445ms&75.887889ms\\ \hline 6&1&34.963852ms&48.491884ms\\  6&2&65.60169ms&83.926185ms\\  6&3&84.009294ms&95.189271ms\\ \hline 7&1&48.493608ms&58.848319ms\\  7&2&83.929922ms&100.130921ms\\  7&3&100.193821ms&113.524427ms\\ \hline 8&1&58.851334ms&65.038604ms\\  8&2&100.133416ms&110.385821ms\\  8&3&113.526871ms&131.701861ms\\ \hline 9&1&65.039906ms&74.367485ms\\  9&2&110.390309ms&110.393495ms\\  9&3&131.703174ms&144.904121ms\\ \hline 10&1&74.369849ms&76.805091ms\\  10&2&110.393596ms&113.613527ms\\  10&3&144.905534ms&155.199529ms\\ \hline